Workbook

Sheet Summary
A1: HW06 API Testing — Test Summary
A2: Student ID | B2: 23127172 | D2: Scope | E2: FR-02, FR-08, FR-14
A4: Original execution evidence: historical Newman/Postman runs against the unpatched SUT. CI remediation runs are documented separately.
A6: API | B6: Feature | C6: Total cases | D6: AI cases | E6: Student cases | F6: VALID | G6: INVALID | H6: INCOMPLETE | I6: Executed | J6: Passed cases | K6: Failed cases | L6: Assertions passed / total
A7: API 1 | B7: FR-02 Login and account lockout | C7: =COUNTA('FR-02 Cases'!A5:A44) | D7: =COUNTIF('FR-02 Cases'!B5:B44,"AI") | E7: =COUNTIF('FR-02 Cases'!B5:B44,"Student") | F7: =COUNTIF('FR-02 Cases'!H5:H44,"VALID") | G7: =COUNTIF('FR-02 Cases'!H5:H44,"INVALID") | H7: =COUNTIF('FR-02 Cases'!H5:H44,"INCOMPLETE") | I7: 40 | J7: 35 | K7: 5 | L7: 75 / 80
A8: API 2 | B8: FR-08 Checkout | C8: =COUNTA('FR-08 Cases'!A5:A44) | D8: =COUNTIF('FR-08 Cases'!B5:B44,"AI") | E8: =COUNTIF('FR-08 Cases'!B5:B44,"Student") | F8: =COUNTIF('FR-08 Cases'!H5:H44,"VALID") | G8: =COUNTIF('FR-08 Cases'!H5:H44,"INVALID") | H8: =COUNTIF('FR-08 Cases'!H5:H44,"INCOMPLETE") | I8: 40 | J8: 30 | K8: 10 | L8: 103 / 114
A9: API 3 | B9: FR-14 Category CRUD | C9: =COUNTA('FR-14 Cases'!A5:A44) | D9: =COUNTIF('FR-14 Cases'!B5:B44,"AI") | E9: =COUNTIF('FR-14 Cases'!B5:B44,"Student") | F9: =COUNTIF('FR-14 Cases'!H5:H44,"VALID") | G9: =COUNTIF('FR-14 Cases'!H5:H44,"INVALID") | H9: =COUNTIF('FR-14 Cases'!H5:H44,"INCOMPLETE") | I9: 40 | J9: 22 | K9: 18 | L9: 72 / 92
A10: Total | C10: =SUM(C7:C9) | D10: =SUM(D7:D9) | E10: =SUM(E7:E9) | F10: =SUM(F7:F9) | G10: =SUM(G7:G9) | H10: =SUM(H7:H9) | I10: =SUM(I7:I9) | J10: =SUM(J7:J9) | K10: =SUM(K7:K9)

Sheet FR-02 Cases
A1: HW06 API Testing — FR-02 Cases
A2: Student ID | B2: 23127172 | D2: Total cases | E2: 40 | G2: AI cases | H2: =COUNTIF(B5:B44,"AI") | I2: Student cases | J2: =COUNTIF(B5:B44,"Student")
A4: ID | B4: Source | C4: Objective / transition | D4: Preconditions | E4: Request data / steps | F4: Expected result | G4: Security / schema assertion | H4: Audit | I4: Audit reasoning | J4: Actual / evidence
A5: A1-001 | B5: AI | C5: Happy path | D5: Active user | E5: Valid email + valid password | F5: `200 OK` | G5: JSON contains non-empty `token` and `user`; no password | H5: VALID | I5: Directly specified
A6: A1-002 | B6: AI | C6: Email case variation | D6: Active user | E6: Mixed-case email + valid password | F6: Consistent accept/reject per policy | G6: Authenticated identity is correct | H6: INCOMPLETE | I6: Normalization unspecified
A7: A1-003 | B7: AI | C7: Email with surrounding spaces | D7: Active user | E7: ` valid.user@example.com ` + valid password | F7: Consistent trim/reject behavior | G7: No account confusion | H7: INCOMPLETE | I7: Whitespace policy unspecified
A8: A1-004 | B8: AI | C8: Password with surrounding spaces | D8: Active user | E8: Valid email + password with spaces added | F8: Reject unless spaces are part of password | G8: No password echoed | H8: VALID | I8: Password must match exactly
A9: A1-005 | B9: AI | C9: Missing email | D9: None | E9: `{ "password":"ValidPassword123!" }` | F9: Reject; no token | G9: Safe error JSON, no stack trace | H9: VALID | I9: Required field absent
A10: A1-006 | B10: AI | C10: Missing password | D10: None | E10: `{ "email":"valid.user@example.com" }` | F10: Reject; no token | G10: Safe error JSON, no stack trace | H10: VALID | I10: Required field absent
A11: A1-007 | B11: AI | C11: Missing body fields | D11: None | E11: `{}` | F11: Reject; no token | G11: No user/token fields | H11: VALID | I11: Required fields absent
A12: A1-008 | B12: AI | C12: Empty email | D12: None | E12: Empty email + any password | F12: Reject; no token | G12: Safe error | H12: VALID | I12: Invalid partition
A13: A1-009 | B13: AI | C13: Empty password | D13: None | E13: Valid email + empty password | F13: Reject; no token | G13: Safe error | H13: VALID | I13: Invalid partition
A14: A1-010 | B14: AI | C14: Both values empty | D14: None | E14: Both empty strings | F14: Reject; no token | G14: Safe error | H14: VALID | I14: Invalid partition
A15: A1-011 | B15: AI | C15: Invalid email without `@` | D15: None | E15: `invalid-email` + password | F15: Reject; no token | G15: No `500` | H15: VALID | I15: Invalid email format
A16: A1-012 | B16: AI | C16: Invalid email missing local part | D16: None | E16: `@example.com` + password | F16: Reject; no token | G16: No `500` | H16: VALID | I16: Invalid email format
... A39: A1-035 | B39: AI | C39: Lockout isolation between accounts | D39: Account A locked; B active | E39: Valid credentials for B | F39: B authenticates successfully | G39: Token/user belongs only to B | H39: VALID | I39: The lock is an account state; A's lock must not block B
A40: A1-036 | B40: Student | C40: Reject malformed JSON and inappropriate `Content-Type` | D40: Active user; lockout state reset | E40: (1) Invalid JSON with `application/json`; (2) valid JSON with `text/plain`; (3) valid JSON without `Content-Type`. | F40: Safely reject; no token, `500`, or parser detail. | H40: VALID | I40: These are distinct request-parsing partitions absent from the first 35 cases. Exact status/error body must be observed. | J40: Headers/body, status, response, console.
A41: A1-037 | B41: Student | C41: Detect concurrent-failure race condition in lockout | D41: Isolated account; threshold 3; reset state | E41: Send 3 incorrect logins concurrently, then valid credentials; repeat three times. | F41: No token at/after lockout; concurrency cannot bypass counting. | H41: VALID | I41: Important state-transition/security test. Requires a runner capable of concurrency. | J41: Timestamps, all results, final login result.
A42: A1-038 | B42: Student | C42: Confirm successful login resets prior failed-attempt counter | D42: Isolated account; threshold 3 | E42: Two failures → one success → one failure → valid login. | F42: Final valid login succeeds; the earlier success broke the consecutive-failure sequence. | H42: VALID | I42: “Three consecutive failures” implies a successful login resets the failed sequence. | J42: Ordered request log and final result.
A43: A1-039 | B43: Student | C43: Confirm automatic unlock after expiry | D43: Isolated account; threshold 3; duration 30 s | E43: Lock account; retry just before 30 s and just after 30 s. | F43: No token before expiry; successful login after expiry, allowing small clock/network tolerance. | H43: VALID | I43: FR-02 explicitly defines a temporary 30-second lock. | J43: Elapsed time and before/after responses.
A44: A1-040 | B44: Student | C44: Determine whether lockout is keyed by account, IP, or both | D44: Two accounts; two controlled IPs/proxies if available | E44: Lock A from IP-1; test A from IP-2 and B from both IPs. | F44: Behavior matches security policy; B must not be blocked by A's lockout. | H44: INCOMPLETE | I44: Keying policy is unspecified and a second controlled IP may not be available locally. | J44: IP/proxy setup and result matrix.

Sheet FR-08 Cases
A1: HW06 API Testing — FR-08 Cases
A2: Student ID | B2: 23127172 | D2: Total cases | E2: 40 | G2: AI cases | H2: =COUNTIF(B5:B44,"AI") | I2: Student cases | J2: =COUNTIF(B5:B44,"Student")
A4: ID | B4: Source | C4: Objective / transition | D4: Preconditions | E4: Request data / steps | F4: Expected result | G4: Security / schema assertion | H4: Audit | I4: Audit reasoning | J4: Actual / evidence
A5: B1-001 | B5: AI | C5: Happy-path checkout | D5: Valid user token; cart with items | E5: Positive total; normal address | F5: Success response; one order created with status `pending` | G5: Positive order identifier if returned; correct owner; stored total equals server-calculated cart total; cart clears | H5: VALID | I5: Covers the specified authenticated success path and FR-08 postconditions
A6: B1-002 | B6: AI | C6: Minimum positive integer amount | D6: Valid token | E6: `total_amount: 1` | F6: Accept/reject per business minimum | G6: No `500`; order only if valid | H6: INCOMPLETE | I6: Minimum amount unspecified
A7: B1-003 | B7: AI | C7: Zero amount | D7: Valid token; valid nonempty cart | E7: `total_amount: 0` | F7: Reject; no order | G7: No zero-value order | H7: INVALID | I7: FR-08 requires server-side recalculation; rejection is not the only conforming behavior. Correct oracle: client value must not determine the stored total
A8: B1-004 | B8: AI | C8: Negative amount | D8: Valid token; valid nonempty cart | E8: `total_amount: -1` | F8: Reject; no order | G8: No negative-value order | H8: INVALID | I8: FR-08 requires server-side recalculation; rejection is not the only conforming behavior. Correct oracle: no negative/client-controlled total is stored
A9: B1-005 | B9: AI | C9: Decimal amount | D9: Valid token | E9: `total_amount: 100.5` | F9: Accept/reject only per currency rule | G9: Stored value must not be silently rounded unexpectedly | H9: INCOMPLETE | I9: Currency precision unspecified
A10: B1-006 | B10: AI | C10: Very large amount | D10: Valid token | E10: Maximum/overflow-sized number | F10: Reject safely or preserve exact valid value | G10: No overflow/negative conversion/`500` | H10: INCOMPLETE | I10: Maximum amount unspecified
A11: B1-007 | B11: AI | C11: Amount is string | D11: Valid token; valid nonempty cart | E11: `total_amount: "200000"` | F11: Reject; no order | G11: Strict numeric type validation | H11: INVALID | I11: The rejection oracle is unsupported; the server may ignore the client field and use its own calculated total
A12: B1-008 | B12: AI | C12: Amount is nonnumeric string | D12: Valid token; valid nonempty cart | E12: `total_amount: "abc"` | F12: Reject; no order | G12: No `500` or coercion | H12: INVALID | I12: The required invariant is no client-controlled total, not necessarily rejection
A13: B1-009 | B13: AI | C13: Amount is null | D13: Valid token; valid nonempty cart | E13: `total_amount: null` | F13: Reject; no order | G13: No null stored | H13: INVALID | I13: The required invariant is no null/client-controlled stored total; the request may be rejected or safely recalculated
A14: B1-010 | B14: AI | C14: Amount is missing | D14: Valid token; valid nonempty cart | E14: Omit `total_amount` | F14: Reject; no order | G14: Validation error; no order ID | H14: INVALID | I14: FR-08 says the backend calculates the total from the cart; unconditional rejection is not established
A15: B1-011 | B15: AI | C15: Address is missing | D15: Valid token | E15: Omit `shipping_address` | F15: Reject; no order | G15: Validation error; no order ID | H15: VALID | I15: Required field absent
A16: B1-012 | B16: AI | C16: Empty address | D16: Valid token | E16: `shipping_address: ""` | F16: Reject; no order | G16: No empty address stored | H16: INCOMPLETE | I16: The body includes an address, but the specification does not define empty-string validation
... A39: B1-035 | B39: AI | C39: Response schema and sensitive data | D39: Valid token; valid checkout | E39: Valid body | F39: Success response shape matches the confirmed contract | G39: No JWT, password, secret, or unrelated private data | H39: INCOMPLETE | I39: The API specification does not define the exact checkout success schema; confirm whether only `message` and `orderId` are allowed
A40: B1-036 | B40: Student | C40: Reject `shipping_address` with a non-string type | D40: Valid token; record order count before test | E40: Send the same valid cart with `shipping_address` set to `null`, a number, an array, and an object in separate runs. | F40: Every variant is rejected; no order is created. | H40: VALID | I40: Adds missing type partitions for a field represented as a string in the API contract. | J40: Request/response for each type; order-count check before/after.
A41: B1-037 | B41: Student | C41: Prevent nonnumeric client values from controlling the total | D41: Valid token; valid cart with known server total | E41: Send `total_amount: true`, `{ "value": 200000 }`, and `[200000]` in separate runs with a valid address. | F41: No variant is stored/coerced as the order total; any created order uses the server-calculated cart total. | H41: VALID | I41: Extends FR-08 tampering coverage without assuming rejection is the only valid policy. | J41: Request/response and stored order total for each type.
A42: B1-038 | B42: Student | C42: Validate corrupt cart data before checkout | D42: Valid token; use isolated user/cart | E42: Add cart entries containing a nonexistent product ID, quantity `0`, negative quantity, and negative price; then checkout. | F42: Checkout rejects invalid cart or derives a valid total from authoritative product data; no invalid/client-priced order is created. | H42: VALID | I42: Exercises the server-side cart trust boundary omitted from the AI cases. | J42: Cart contents, checkout response, order history/detail.
A43: B1-039 | B43: Student | C43: Failed checkout has no unintended state change | D43: Valid token; cart with known items; record cart and order count | E43: Submit a request guaranteed to fail (for example a missing/invalid address after confirming the address rule), then call `GET /api/cart` and `GET /api/orders/my-orders`. | F43: Cart is unchanged and no new/partial order exists after rejection. | H43: VALID | I43: Covers transaction rollback and state preservation after failure. | J43: Before/after cart and order-history responses.
A44: B1-040 | B44: Student | C44: Handle duplicate JSON key safely | D44: Valid token; record order count before test | E44: Send raw JSON with two `total_amount` keys, e.g. `{"total_amount":200000,"total_amount":1,"shipping_address":"123 Le Loi"}`. | F44: Reject ambiguous payload or follow a confirmed parser policy; in all cases the stored total cannot differ from the server-calculated cart total. | H44: INCOMPLETE | I44: Duplicate-key parsing is unspecified; the security invariant is known, but the exact parser oracle must be confirmed. | J44: Raw request, response, parser policy, and stored total/order-count check.

Sheet FR-14 Cases
A1: HW06 API Testing — FR-14 Cases
A2: Student ID | B2: 23127172 | D2: Total cases | E2: 40 | G2: AI cases | H2: =COUNTIF(B5:B44,"AI") | I2: Student cases | J2: =COUNTIF(B5:B44,"Student")
A4: ID | B4: Source | C4: Objective / transition | D4: Preconditions | E4: Request data / steps | F4: Expected result | G4: Security / schema assertion | H4: Audit | I4: Audit reasoning | J4: Actual / evidence
A5: C1-001 | B5: AI | C5: Admin views category list | D5: Valid admin token | E5: `GET /api/categories` | F5: `200`; list contains seeded categories | G5: Array items contain numeric `id` and string `name` | H5: VALID | I5: FR-14 gives the admin view function
A6: C1-002 | B6: AI | C6: Unauthenticated category list | D6: No token | E6: `GET /api/categories` | F6: `200`; public category list is returned | G6: Response exposes only category fields | H6: VALID | I6: Corrected against FR-12: only category mutation endpoints are restricted to admin
A7: C1-003 | B7: AI | C7: Regular user views categories | D7: Valid normal-user token | E7: `GET /api/categories` | F7: `200`; same public category contract | G7: Token presence does not change or broaden the public data | H7: VALID | I7: Category listing supports ordinary product/category browsing and is not listed as a protected mutation
A8: C1-004 | B8: AI | C8: List response schema | D8: Valid admin token | E8: `GET /api/categories` | F8: `200`; stable JSON array | G8: Every item has only expected public fields; IDs are unique | H8: VALID | I8: Basic read/schema contract
A9: C1-005 | B9: AI | C9: List has no sensitive/internal data | D9: Valid admin token | E9: `GET /api/categories` | F9: `200` | G9: No password, JWT, database stack trace, or unrelated user fields | H9: VALID | I9: Response-minimization/security check
A10: C1-006 | B10: AI | C10: Create a valid category | D10: Valid admin token | E10: `POST /api/categories` body `{"name":"HW06-23127172-Electronics"}` | F10: Success; returns new positive ID | G10: Created name is visible in a subsequent admin list request | H10: VALID | I10: Main create path
A11: C1-007 | B11: AI | C11: Create with missing name | D11: Valid admin token | E11: `POST` body `{}` | F11: `400`; no category created | G11: No generated ID/side effect | H11: VALID | I11: FR-14 requires category name
A12: C1-008 | B12: AI | C12: Create with empty name | D12: Valid admin token | E12: `POST` body `{"name":""}` | F12: `400`; no category created | G12: Empty name must not persist | H12: VALID | I12: Explicit FR-14 rule
A13: C1-009 | B13: AI | C13: Create with whitespace-only name | D13: Valid admin token | E13: `POST` body `{"name":" "}` | F13: `400`; no category created | G13: Trim/blank validation | H13: VALID | I13: Whitespace-only is semantically empty
A14: C1-010 | B14: AI | C14: Create Unicode/Vietnamese name | D14: Valid admin token | E14: `POST` body `{"name":"Thiết bị điện tử – Đà Nẵng"}` | F14: Success | G14: Subsequent GET preserves UTF-8 exactly | H14: VALID | I14: Localized input coverage
A15: C1-011 | B15: AI | C15: Maximum-length category name | D15: Valid admin token | E15: Name at configured maximum, then one character longer | F15: Accept boundary or safely reject over-limit | G15: No truncation, DB error, or `500` | H15: INCOMPLETE | I15: FR-14 does not specify a length limit
A16: C1-012 | B16: AI | C16: Duplicate category name | D16: Valid admin token | E16: Create the same name twice | F16: Follow documented uniqueness policy consistently | G16: No unexpected `500` | H16: INCOMPLETE | I16: Uniqueness is not specified for categories
... A39: C1-035 | B39: AI | C39: Delete referenced category / concurrent mutation | D39: Valid admin token; category linked to product or two admin clients | E39: Attempt delete while referenced; separately send competing update/delete | F39: Preserve referential integrity and consistent final state | G39: No orphaned product, `500`, or partial mutation | H39: INCOMPLETE | I39: Referential-integrity and concurrency policies are not stated
A40: C1-036 | B40: Student | C40: Reject names made only of non-ASCII whitespace | D40: Valid admin token; record category count | E40: Submit separate creates using tab/newline, non-breaking space (`U+00A0`), and ideographic space (`U+3000`) as `name` | F40: Each request is rejected; category count and existing records remain unchanged | H40: VALID | I40: The AI covered ordinary spaces but did not expand the “empty name” equivalence class to Unicode whitespace
A41: C1-037 | B41: Student | C41: Reject non-string names during update | D41: Valid admin token; disposable existing category | E41: Update the same ID with `name: null`, a number, array, and object in separate reset runs | F41: Every update is rejected; original name and all other categories remain unchanged | H41: VALID | I41: The AI covered type confusion on create but did not apply the same required-name partition to update
A42: C1-038 | B42: Student | C42: Ensure path ID wins over body mass-assignment fields on update | D42: Valid admin token; disposable categories A and B | E42: `PUT /api/categories/{A.id}` with a valid new name plus `{"id": B.id, "role":"admin"}` | F42: Only A's name changes; A/B IDs remain unchanged; B is untouched | H42: VALID | I42: The AI tested mass assignment on create but omitted the equivalent update attack and path/body ID conflict
A43: C1-039 | B43: Student | C43: Prevent stale deleted IDs from affecting later categories | D43: Valid admin token; disposable category A | E43: Create A → delete A → create B → attempt update and delete using stale `A.id` | F43: Stale-ID operations do not modify/delete B or any other category; B remains readable | H43: VALID | I43: The AI tested arbitrary nonexistent IDs but missed a state-derived stale ID after a real delete/create lifecycle
A44: C1-040 | B44: Student | C44: Preserve valid punctuation and JSON-escaped characters in a category name | D44: Valid admin token | E44: Create `HW06-23127172-Điện tử \"Cao cấp\" / IoT & Nhà thông minh`, then read, update, and delete it | F44: Create/update succeed; GET preserves the exact decoded string; delete removes only that category | H44: VALID | I44: The AI covered Unicode and injection separately but missed a legitimate complex name exercising JSON escaping throughout CRUD
